{
    "value0": {
        "depth_mode": 5,
        "color_resolution": 6,
        "depth_parameters": {
            "fov_x": 503.7319641113281,
            "fov_y": 503.5625,
            "c_x": 328.055908203125,
            "c_y": 340.1834716796875,
            "width": 640,
            "height": 576,
            "intrinsics_matrix": {
                "m00": 503.7319641113281,
                "m10": 0.0,
                "m20": 328.055908203125,
                "m01": 0.0,
                "m11": 503.5625,
                "m21": 340.1834716796875,
                "m02": 0.0,
                "m12": 503.5625,
                "m22": 340.1834716796875
            },
            "radial_distortion": {
                "m00": 36.192596435546878,
                "m10": 18.67304039001465,
                "m20": 0.6667951345443726,
                "m30": 36.43661880493164,
                "m40": 31.001745223999025,
                "m50": 4.285297393798828
            },
            "tangential_distortion": {
                "m00": 0.00008249135134974495,
                "m10": 0.00002736100577749312
            },
            "metric_radius": 1.7000000476837159
        },
        "color_parameters": {
            "fov_x": 1120.4144287109376,
            "fov_y": 1120.57470703125,
            "c_x": 958.2613525390625,
            "c_y": 515.3216552734375,
            "width": 1920,
            "height": 1080,
            "intrinsics_matrix": {
                "m00": 1120.4144287109376,
                "m10": 0.0,
                "m20": 958.2613525390625,
                "m01": 0.0,
                "m11": 1120.57470703125,
                "m21": 515.3216552734375,
                "m02": 0.0,
                "m12": 1120.57470703125,
                "m22": 515.3216552734375
            },
            "radial_distortion": {
                "m00": 0.07752010971307755,
                "m10": -0.10389318317174912,
                "m20": 0.04119356349110603,
                "m30": 0.0,
                "m40": 0.0,
                "m50": 0.0
            },
            "tangential_distortion": {
                "m00": -0.00005557544864132069,
                "m10": -0.00018804303545039147
            },
            "metric_radius": 1.7000000476837159
        },
        "color2depth_transform": {
            "translation": {
                "m00": 0.03258673846721649,
                "m10": -0.0007722008158452809,
                "m20": 0.0027257970068603756
            },
            "rotation": {
                "x": 0.05223759636282921,
                "y": 0.0023805457167327406,
                "z": 0.0008479497628286481,
                "w": 0.9986315369606018
            }
        },
        "depth2acc_transform": {
            "translation": {
                "m00": 0.0,
                "m10": 0.0,
                "m20": 0.0
            },
            "rotation": {
                "x": 0.0,
                "y": 0.0,
                "z": 0.0,
                "w": 0.0
            }
        },
        "depth2gyro_transform": {
            "translation": {
                "m00": 0.0,
                "m10": 0.0,
                "m20": 0.0
            },
            "rotation": {
                "x": 0.0,
                "y": 0.0,
                "z": 0.0,
                "w": 0.0
            }
        },
        "camera_pose": {
            "translation": {
                "m00": 0.8149070143699646,
                "m10": 0.37723132967948916,
                "m20": -1.156609058380127
            },
            "rotation": {
                "x": 0.6837761998176575,
                "y": -0.6334598660469055,
                "z": 0.2808602452278137,
                "w": -0.22868365049362184
            }
        },
        "is_valid": true
    }
}