{
    "value0": {
        "depth_mode": 5,
        "color_resolution": 6,
        "depth_parameters": {
            "fov_x": 505.0315246582031,
            "fov_y": 504.9360046386719,
            "c_x": 326.61083984375,
            "c_y": 331.03704833984377,
            "width": 640,
            "height": 576,
            "intrinsics_matrix": {
                "m00": 505.0315246582031,
                "m10": 0.0,
                "m20": 326.61083984375,
                "m01": 0.0,
                "m11": 504.9360046386719,
                "m21": 331.03704833984377,
                "m02": 0.0,
                "m12": 504.9360046386719,
                "m22": 331.03704833984377
            },
            "radial_distortion": {
                "m00": 16.498502731323243,
                "m10": 7.702785491943359,
                "m20": 0.24892686307430268,
                "m30": 16.81718635559082,
                "m40": 13.262956619262696,
                "m50": 1.6838682889938355
            },
            "tangential_distortion": {
                "m00": 0.00006325153663055971,
                "m10": 0.00001871727545221802
            },
            "metric_radius": 1.7000000476837159
        },
        "color_parameters": {
            "fov_x": 1120.7049560546876,
            "fov_y": 1120.765380859375,
            "c_x": 946.3525390625,
            "c_y": 519.323486328125,
            "width": 1920,
            "height": 1080,
            "intrinsics_matrix": {
                "m00": 1120.7049560546876,
                "m10": 0.0,
                "m20": 946.3525390625,
                "m01": 0.0,
                "m11": 1120.765380859375,
                "m21": 519.323486328125,
                "m02": 0.0,
                "m12": 1120.765380859375,
                "m22": 519.323486328125
            },
            "radial_distortion": {
                "m00": 0.07823845744132996,
                "m10": -0.10723504424095154,
                "m20": 0.04368370771408081,
                "m30": 0.0,
                "m40": 0.0,
                "m50": 0.0
            },
            "tangential_distortion": {
                "m00": 0.00029566246666945517,
                "m10": -0.00019945915846619755
            },
            "metric_radius": 1.7000000476837159
        },
        "color2depth_transform": {
            "translation": {
                "m00": 0.03244668245315552,
                "m10": -0.0008032027981244028,
                "m20": 0.0021865861490368845
            },
            "rotation": {
                "x": 0.05116649717092514,
                "y": 0.004874560981988907,
                "z": 0.001238768338225782,
                "w": 0.9986774921417236
            }
        },
        "depth2acc_transform": {
            "translation": {
                "m00": 0.0,
                "m10": 0.0,
                "m20": 0.0
            },
            "rotation": {
                "x": 0.0,
                "y": 0.0,
                "z": 0.0,
                "w": 0.0
            }
        },
        "depth2gyro_transform": {
            "translation": {
                "m00": 0.0,
                "m10": 0.0,
                "m20": 0.0
            },
            "rotation": {
                "x": 0.0,
                "y": 0.0,
                "z": -2.617756767442504e-25,
                "w": 4.2656926552511758e-41
            }
        },
        "camera_pose": {
            "translation": {
                "m00": -0.859625518321991,
                "m10": -1.0084847211837769,
                "m20": -1.2194312810897828
            },
            "rotation": {
                "x": 0.09399528801441193,
                "y": 0.9167379140853882,
                "z": -0.3418971002101898,
                "w": -0.18401850759983064
            }
        },
        "is_valid": true
    }
}