{
    "value0": {
        "depth_mode": 5,
        "color_resolution": 6,
        "depth_parameters": {
            "fov_x": 504.739013671875,
            "fov_y": 504.6529541015625,
            "c_x": 324.4356689453125,
            "c_y": 323.0765075683594,
            "width": 640,
            "height": 576,
            "intrinsics_matrix": {
                "m00": 504.739013671875,
                "m10": 0.0,
                "m20": 324.4356689453125,
                "m01": 0.0,
                "m11": 504.6529541015625,
                "m21": 323.0765075683594,
                "m02": 0.0,
                "m12": 504.6529541015625,
                "m22": 323.0765075683594
            },
            "radial_distortion": {
                "m00": 21.01125144958496,
                "m10": 10.708230972290039,
                "m20": 0.38877856731414797,
                "m30": 21.306745529174806,
                "m40": 17.83679962158203,
                "m50": 2.46524715423584
            },
            "tangential_distortion": {
                "m00": 0.000027577674700296485,
                "m10": 0.000009112394764088095
            },
            "metric_radius": 1.7000000476837159
        },
        "color_parameters": {
            "fov_x": 1121.3680419921876,
            "fov_y": 1121.265869140625,
            "c_x": 949.93212890625,
            "c_y": 517.4003295898438,
            "width": 1920,
            "height": 1080,
            "intrinsics_matrix": {
                "m00": 1121.3680419921876,
                "m10": 0.0,
                "m20": 949.93212890625,
                "m01": 0.0,
                "m11": 1121.265869140625,
                "m21": 517.4003295898438,
                "m02": 0.0,
                "m12": 1121.265869140625,
                "m22": 517.4003295898438
            },
            "radial_distortion": {
                "m00": 0.07884106040000916,
                "m10": -0.10796302556991577,
                "m20": 0.04431353509426117,
                "m30": 0.0,
                "m40": 0.0,
                "m50": 0.0
            },
            "tangential_distortion": {
                "m00": -0.000069937486841809,
                "m10": 0.00021726397972088307
            },
            "metric_radius": 1.7000000476837159
        },
        "color2depth_transform": {
            "translation": {
                "m00": 0.032564926892519,
                "m10": -0.001071746344678104,
                "m20": 0.002826221287250519
            },
            "rotation": {
                "x": 0.053382083773612979,
                "y": 0.0016604250995442272,
                "z": 0.0009873947128653527,
                "w": 0.9985723495483398
            }
        },
        "depth2acc_transform": {
            "translation": {
                "m00": 0.0,
                "m10": 0.0,
                "m20": 0.0
            },
            "rotation": {
                "x": 0.0,
                "y": 0.0,
                "z": 0.0,
                "w": 0.0
            }
        },
        "depth2gyro_transform": {
            "translation": {
                "m00": 0.0,
                "m10": 0.0,
                "m20": 0.0
            },
            "rotation": {
                "x": 0.0,
                "y": 0.0,
                "z": 0.0,
                "w": 0.0
            }
        },
        "camera_pose": {
            "translation": {
                "m00": -0.8921340107917786,
                "m10": 0.18300090730190278,
                "m20": -1.1497710943222047
            },
            "rotation": {
                "x": 0.7711721658706665,
                "y": 0.5760893821716309,
                "z": -0.1262853443622589,
                "w": -0.2397221028804779
            }
        },
        "is_valid": true
    }
}