{
    "value0": {
        "depth_mode": 5,
        "color_resolution": 6,
        "depth_parameters": {
            "fov_x": 503.6492004394531,
            "fov_y": 503.672607421875,
            "c_x": 328.50994873046877,
            "c_y": 336.79937744140627,
            "width": 640,
            "height": 576,
            "intrinsics_matrix": {
                "m00": 503.6492004394531,
                "m10": 0.0,
                "m20": 328.50994873046877,
                "m01": 0.0,
                "m11": 503.672607421875,
                "m21": 336.79937744140627,
                "m02": 0.0,
                "m12": 503.672607421875,
                "m22": 336.79937744140627
            },
            "radial_distortion": {
                "m00": 41.668922424316409,
                "m10": 20.73427391052246,
                "m20": 0.7009533643722534,
                "m30": 41.8986930847168,
                "m40": 34.90281677246094,
                "m50": 4.640126705169678
            },
            "tangential_distortion": {
                "m00": 0.000033968630305025729,
                "m10": 0.000014822814591752831
            },
            "metric_radius": 1.7000000476837159
        },
        "color_parameters": {
            "fov_x": 1120.869384765625,
            "fov_y": 1122.9178466796876,
            "c_x": 947.569580078125,
            "c_y": 519.2719116210938,
            "width": 1920,
            "height": 1080,
            "intrinsics_matrix": {
                "m00": 1120.869384765625,
                "m10": 0.0,
                "m20": 947.569580078125,
                "m01": 0.0,
                "m11": 1122.9178466796876,
                "m21": 519.2719116210938,
                "m02": 0.0,
                "m12": 1122.9178466796876,
                "m22": 519.2719116210938
            },
            "radial_distortion": {
                "m00": 0.0765482559800148,
                "m10": -0.10322828590869904,
                "m20": 0.04082150757312775,
                "m30": 0.0,
                "m40": 0.0,
                "m50": 0.0
            },
            "tangential_distortion": {
                "m00": -0.0001271089568035677,
                "m10": -0.00009218274499289691
            },
            "metric_radius": 1.7000000476837159
        },
        "color2depth_transform": {
            "translation": {
                "m00": 0.032403554767370227,
                "m10": -0.0006483311881311238,
                "m20": 0.002182836178690195
            },
            "rotation": {
                "x": 0.051284048706293109,
                "y": 0.0016074985032901168,
                "z": -0.003965106792747974,
                "w": 0.9986749887466431
            }
        },
        "depth2acc_transform": {
            "translation": {
                "m00": 0.0,
                "m10": 0.0,
                "m20": 0.0
            },
            "rotation": {
                "x": 0.0,
                "y": 0.0,
                "z": 0.0,
                "w": 0.0
            }
        },
        "depth2gyro_transform": {
            "translation": {
                "m00": 0.0,
                "m10": 0.0,
                "m20": 0.0
            },
            "rotation": {
                "x": 0.0,
                "y": 0.0,
                "z": 0.0,
                "w": 0.0
            }
        },
        "camera_pose": {
            "translation": {
                "m00": 0.5655360817909241,
                "m10": -0.2699297070503235,
                "m20": -1.1373927593231202
            },
            "rotation": {
                "x": -0.5443986654281616,
                "y": 0.7832921147346497,
                "z": -0.2767171561717987,
                "w": 0.1162368431687355
            }
        },
        "is_valid": true
    }
}