{
    "value0": {
        "color_resolution": 6,
        "color_parameters": {
            "fov_x": 1292.5527309639483,
            "fov_y": 1292.7132430272516,
            "c_x": 974.4976739887171,
            "c_y": 558.8570063369092,
            "width": 1920,
            "height": 1080,
            "intrinsics_matrix": {
                "m00": 1292.5527309639483,
                "m10": 0.0,
                "m20": 974.4976739887171,
                "m01": 0.0,
                "m11": 1292.7132430272516,
                "m21": 558.8570063369092,
                "m02": 0.0,
                "m12": 0.0,
                "m22": 1.0
            },
            "radial_distortion": {
                "m00": -0.37824754830262725,
                "m10": 0.32118446809253187,
                "m20": -0.25404639670692936,
                "m30": 0.0,
                "m40": 0.0,
                "m50": 0.0
            },
            "tangential_distortion": {
                "m00": -0.00024331457636521,
                "m10": 0.00024667302060522314
            },
            "metric_radius": -1.0
        },
        "camera_pose": {
            "translation": {
                "m00": -0.08046387171828,
                "m10": -0.014409951230111653,
                "m20": 1.2842997025188032
            },
            "rotation": {
                "x": -0.04928144565614024,
                "y": 0.13699075274925004,
                "z": 0.9891028938540961,
                "w": 0.021916618002953435
            }
        },
        "is_valid": true
    }
}