{
    "value0": {
        "color_resolution": 6,
        "color_parameters": {
            "fov_x": 1293.8303481064204,
            "fov_y": 1293.8996297657752,
            "c_x": 985.5781369364944,
            "c_y": 555.3794841757187,
            "width": 1920,
            "height": 1080,
            "intrinsics_matrix": {
                "m00": 1293.8303481064204,
                "m10": 0.0,
                "m20": 985.5781369364944,
                "m01": 0.0,
                "m11": 1293.8996297657752,
                "m21": 555.3794841757187,
                "m02": 0.0,
                "m12": 0.0,
                "m22": 1.0
            },
            "radial_distortion": {
                "m00": -0.3400975967358346,
                "m10": 0.08503447557536356,
                "m20": 0.1815188939098877,
                "m30": 0.0,
                "m40": 0.0,
                "m50": 0.0
            },
            "tangential_distortion": {
                "m00": -5.8207738201670846e-05,
                "m10": 7.368390784991529e-05
            },
            "metric_radius": -1.0
        },
        "camera_pose": {
            "translation": {
                "m00": 0.00661165162039939,
                "m10": 0.039826393427555,
                "m20": 1.3760845604709455
            },
            "rotation": {
                "x": 0.08463452992310778,
                "y": 0.1714943568367333,
                "z": 0.9046074018150063,
                "w": -0.3809358613984162
            }
        },
        "is_valid": true
    }
}